{
  "model": {
    "type": "minecraft:condition",
    "on_false": {
      "type": "minecraft:model",
      "model": "minecraft:item/honey_bottle"
    },
    "on_true": {
      "type": "minecraft:range_dispatch",
      "entries": [
        {
          "model": {
            "type": "minecraft:model",
            "model": "eatinganimation:honey_bottle_drinking_0"
          },
          "threshold": 0.35
        },
        {
          "model": {
            "type": "minecraft:model",
            "model": "eatinganimation:honey_bottle_drinking_1"
          },
          "threshold": 0.7
        },
        {
          "model": {
            "type": "minecraft:model",
            "model": "eatinganimation:honey_bottle_drinking_2"
          },
          "threshold": 0.9
        }
      ],
      "fallback": {
        "type": "minecraft:model",
        "model": "minecraft:item/honey_bottle"
      },
      "property": "minecraft:use_duration",
      "scale": 0.035
    },
    "property": "minecraft:using_item"
  }
}