{
	"credit": "Made with Blockbench",
	"texture_size": [64, 64],
	"textures": {
		"0": "farmersdelight:item/glow_berry_custard"
	},
	"elements": [
		{
			"from": [6, 1, 6],
			"to": [10, 5, 10],
			"rotation": {"angle": 0, "axis": "y", "origin": [7, 4, 7]},
			"faces": {
				"north": {"uv": [1, 7.5, 2, 8.5], "texture": "#0"},
				"east": {"uv": [0, 7.5, 1, 8.5], "texture": "#0"},
				"south": {"uv": [3, 7.5, 4, 8.5], "texture": "#0"},
				"west": {"uv": [2, 7.5, 3, 8.5], "texture": "#0"},
				"up": {"uv": [2, 7.5, 1, 6.5], "texture": "#0"},
				"down": {"uv": [3, 6.5, 2, 7.5], "texture": "#0"}
			}
		},
		{
			"from": [5, 0, 5],
			"to": [11, 1, 11],
			"rotation": {"angle": 0, "axis": "y", "origin": [7, -1, 7]},
			"faces": {
				"north": {"uv": [6, 6.5, 7.5, 6.75], "texture": "#0"},
				"east": {"uv": [4.5, 6.5, 6, 6.75], "texture": "#0"},
				"south": {"uv": [9, 6.5, 10.5, 6.75], "texture": "#0"},
				"west": {"uv": [7.5, 6.5, 9, 6.75], "texture": "#0"},
				"up": {"uv": [7.5, 6.5, 6, 5], "texture": "#0"},
				"down": {"uv": [9, 5, 7.5, 6.5], "texture": "#0"}
			}
		},
		{
			"from": [4, 5, 4],
			"to": [12, 13, 12],
			"rotation": {"angle": 0, "axis": "y", "origin": [7, 4, 7]},
			"faces": {
				"north": {"uv": [2, 2, 4, 4], "texture": "#0"},
				"east": {"uv": [0, 2, 2, 4], "texture": "#0"},
				"south": {"uv": [6, 2, 8, 4], "texture": "#0"},
				"west": {"uv": [4, 2, 6, 4], "texture": "#0"},
				"up": {"uv": [4, 2, 2, 0], "texture": "#0"},
				"down": {"uv": [6, 0, 4, 2], "texture": "#0"}
			}
		},
		{
			"from": [3, 10, 8],
			"to": [12, 18, 8],
			"rotation": {"angle": 0, "axis": "y", "origin": [7, 11, 7]},
			"faces": {
				"north": {"uv": [4, 6.75, 6.25, 8.75], "texture": "#0"},
				"east": {"uv": [4, 6.75, 4, 8.75], "texture": "#0"},
				"south": {"uv": [6.25, 6.75, 8.5, 8.75], "texture": "#0"},
				"west": {"uv": [6.25, 6.75, 6.25, 8.75], "texture": "#0"},
				"up": {"uv": [6.25, 6.75, 4, 6.75], "texture": "#0"},
				"down": {"uv": [8.5, 6.75, 6.25, 6.75], "texture": "#0"}
			}
		},
		{
			"from": [5, 6, 5],
			"to": [11, 10, 11],
			"rotation": {"angle": 0, "axis": "y", "origin": [7, 4, 7]},
			"faces": {
				"north": {"uv": [1.5, 5.5, 3, 6.5], "texture": "#0"},
				"east": {"uv": [0, 5.5, 1.5, 6.5], "texture": "#0"},
				"south": {"uv": [4.5, 5.5, 6, 6.5], "texture": "#0"},
				"west": {"uv": [3, 5.5, 4.5, 6.5], "texture": "#0"},
				"up": {"uv": [3, 5.5, 1.5, 4], "texture": "#0"},
				"down": {"uv": [4.5, 4, 3, 5.5], "texture": "#0"}
			}
		}
	],
	"display": {
		"thirdperson_righthand": {
			"translation": [-0.25, 1.75, -2],
			"scale": [0.75, 0.75, 0.75]
		},
		"thirdperson_lefthand": {
			"translation": [-0.25, 1.75, -2],
			"scale": [0.75, 0.75, 0.75]
		},
		"firstperson_righthand": {
			"rotation": [0, 90, 0],
			"translation": [0.5, 3, 0],
			"scale": [0.5, 0.5, 0.5]
		},
		"firstperson_lefthand": {
			"rotation": [0, 180, 0],
			"translation": [0.5, 3, 0],
			"scale": [0.5, 0.5, 0.5]
		},
		"ground": {
			"translation": [0, 3.5, 0],
			"scale": [0.75, 0.75, 0.75]
		},
		"gui": {
			"rotation": [22.5, 135, 0],
			"translation": [0, 2, 0]
		},
		"fixed": {
			"translation": [0, 2, -1.75],
			"scale": [1.25, 1.25, 1.25]
		}
	}
}