{
	"credit": "Made with Blockbench",
	"texture_size": [64, 64],
	"textures": {
		"0": "item/experience_bottle"
	},
	"elements": [
		{
			"from": [6, 8, 6],
			"to": [10, 13, 10],
			"rotation": {"angle": 0, "axis": "y", "origin": [7, 11, 7]},
			"faces": {
				"north": {"uv": [1, 7.5, 2, 8.75], "texture": "#0"},
				"east": {"uv": [0, 7.5, 1, 8.75], "texture": "#0"},
				"south": {"uv": [3, 7.5, 4, 8.75], "texture": "#0"},
				"west": {"uv": [2, 7.5, 3, 8.75], "texture": "#0"},
				"up": {"uv": [2, 7.5, 1, 6.5], "texture": "#0"},
				"down": {"uv": [3, 6.5, 2, 7.5], "texture": "#0"}
			}
		},
		{
			"from": [5, 10, 5],
			"to": [11, 11, 11],
			"rotation": {"angle": 0, "axis": "y", "origin": [7, 9, 7]},
			"faces": {
				"north": {"uv": [6, 6.5, 7.5, 6.75], "texture": "#0"},
				"east": {"uv": [4.5, 6.5, 6, 6.75], "texture": "#0"},
				"south": {"uv": [9, 6.5, 10.5, 6.75], "texture": "#0"},
				"west": {"uv": [7.5, 6.5, 9, 6.75], "texture": "#0"},
				"up": {"uv": [7.5, 6.5, 6, 5], "texture": "#0"},
				"down": {"uv": [9, 5, 7.5, 6.5], "texture": "#0"}
			}
		},
		{
			"from": [4, 0, 4],
			"to": [12, 8, 12],
			"rotation": {"angle": 0, "axis": "y", "origin": [7, -1, 7]},
			"faces": {
				"north": {"uv": [2, 2, 4, 4], "texture": "#0"},
				"east": {"uv": [0, 2, 2, 4], "texture": "#0"},
				"south": {"uv": [6, 2, 8, 4], "texture": "#0"},
				"west": {"uv": [4, 2, 6, 4], "texture": "#0"},
				"up": {"uv": [4, 2, 2, 0], "texture": "#0"},
				"down": {"uv": [6, 0, 4, 2], "texture": "#0"}
			}
		},
		{
			"from": [3.75, -0.25, 3.75],
			"to": [12.25, 8.25, 12.25],
			"rotation": {"angle": 0, "axis": "y", "origin": [7, -1, 7]},
			"faces": {
				"north": {"uv": [2, 10.75, 4, 12.75], "texture": "#0"},
				"east": {"uv": [0, 10.75, 2, 12.75], "texture": "#0"},
				"south": {"uv": [6, 10.75, 8, 12.75], "texture": "#0"},
				"west": {"uv": [4, 10.75, 6, 12.75], "texture": "#0"},
				"up": {"uv": [4, 10.75, 2, 8.75], "texture": "#0"},
				"down": {"uv": [6, 8.75, 4, 10.75], "texture": "#0"}
			}
		},
		{
			"from": [5, 1, 5],
			"to": [11, 5, 11],
			"rotation": {"angle": 0, "axis": "y", "origin": [7, -1, 7]},
			"faces": {
				"north": {"uv": [1.5, 5.5, 3, 6.5], "texture": "#0"},
				"east": {"uv": [0, 5.5, 1.5, 6.5], "texture": "#0"},
				"south": {"uv": [4.5, 5.5, 6, 6.5], "texture": "#0"},
				"west": {"uv": [3, 5.5, 4.5, 6.5], "texture": "#0"},
				"up": {"uv": [3, 5.5, 1.5, 4], "texture": "#0"},
				"down": {"uv": [4.5, 4, 3, 5.5], "texture": "#0"}
			}
		},
		{
			"from": [10.5, 13.5, 10.5],
			"to": [5.5, 11.5, 5.5],
			"rotation": {"angle": 0, "axis": "y", "origin": [11, 20, 11]},
			"faces": {
				"north": {"uv": [6.25, 10.75, 6, 10.5], "texture": "#0"},
				"east": {"uv": [6.25, 10.75, 6, 10.5], "texture": "#0"},
				"south": {"uv": [6.25, 10.75, 6, 10.5], "texture": "#0"},
				"west": {"uv": [6.25, 10.75, 6, 10.5], "texture": "#0"},
				"up": {"uv": [6.25, 10.5, 6.5, 10.75], "texture": "#0"},
				"down": {"uv": [6, 10.75, 6.25, 10.5], "texture": "#0"}
			}
		},
		{
			"from": [11.5, 11.5, 11.5],
			"to": [4.5, 8.5, 4.5],
			"rotation": {"angle": 0, "axis": "y", "origin": [13, 9, 13]},
			"faces": {
				"north": {"uv": [6.25, 10.75, 6, 10.5], "texture": "#0"},
				"east": {"uv": [6.25, 10.75, 6, 10.5], "texture": "#0"},
				"south": {"uv": [6.25, 10.75, 6, 10.5], "texture": "#0"},
				"west": {"uv": [6.25, 10.75, 6, 10.5], "texture": "#0"},
				"up": {"uv": [6.25, 10.5, 6.5, 10.75], "texture": "#0"},
				"down": {"uv": [6, 10.75, 6.25, 10.5], "texture": "#0"}
			}
		},
		{
			"from": [12.5, 8.5, 12.5],
			"to": [3.5, -0.5, 3.5],
			"rotation": {"angle": 0, "axis": "y", "origin": [15, 7, 15]},
			"faces": {
				"north": {"uv": [6.25, 10.75, 6, 10.5], "texture": "#0"},
				"east": {"uv": [6.25, 10.75, 6, 10.5], "texture": "#0"},
				"south": {"uv": [6.25, 10.75, 6, 10.5], "texture": "#0"},
				"west": {"uv": [6.25, 10.75, 6, 10.5], "texture": "#0"},
				"up": {"uv": [6, 10.5, 6.25, 10.75], "texture": "#0"},
				"down": {"uv": [6, 10.75, 6.25, 10.5], "texture": "#0"}
			}
		}
	],
	"display": {
		"thirdperson_righthand": {
			"translation": [-0.25, -1.5, -0.5],
			"scale": [0.75, 0.75, 0.75]
		},
		"thirdperson_lefthand": {
			"translation": [-0.25, -1.5, 0.5],
			"scale": [0.75, 0.75, 0.75]
		},
		"firstperson_righthand": {
			"rotation": [0, 90, 0],
			"translation": [0.5, 3, 0],
			"scale": [0.5, 0.5, 0.5]
		},
		"firstperson_lefthand": {
			"rotation": [0, 180, 0],
			"translation": [0.5, 3, 0],
			"scale": [0.5, 0.5, 0.5]
		},
		"ground": {
			"translation": [0, 3.5, 0],
			"scale": [0.75, 0.75, 0.75]
		},
		"gui": {
			"rotation": [22.5, 135, 0],
			"translation": [0, 2, 0]
		},
		"fixed": {
			"translation": [0, 2, -4.75],
			"scale": [1.25, 1.25, 1.25]
		}
	}
}